filename,label
audio_128.wav,3.075
audio_156.wav,3.365
audio_19.wav,3.735
audio_108.wav,2.2779313325563333
audio_206.wav,2.515
audio_161.wav,2.915
audio_215.wav,3.22
audio_213.wav,3.105
audio_11.wav,2.368555194805195
audio_155.wav,3.18
audio_39.wav,3.49
audio_168.wav,3.11
audio_133.wav,3.53
audio_28.wav,2.86
audio_40.wav,3.435
audio_181.wav,3.275
audio_201.wav,3.145
audio_182.wav,3.955
audio_126.wav,2.705
audio_10.wav,2.935
audio_134.wav,2.78
audio_69.wav,4.2
audio_112.wav,2.83
audio_180.wav,3.24
audio_177.wav,3.075
audio_77.wav,4.115
audio_111.wav,3.415
audio_18.wav,3.499375
audio_175.wav,3.375
audio_33.wav,2.9342857142857146
audio_15.wav,3.375
audio_4.wav,3.435
audio_27.wav,3.61
audio_96.wav,4.1
audio_116.wav,2.92
audio_1.wav,2.81
audio_22.wav,3.535
audio_114.wav,2.69
audio_146.wav,2.04422619047619
audio_46.wav,4.325
audio_144.wav,3.05
audio_75.wav,3.97
audio_200.wav,2.5694444444444446
audio_196.wav,3.095
audio_190.wav,2.745
audio_158.wav,2.805
audio_17.wav,2.82
audio_105.wav,3.465
audio_141.wav,2.595
audio_129.wav,2.94
audio_6.wav,3.695
audio_70.wav,4.095
audio_35.wav,3.055
audio_203.wav,3.71
audio_90.wav,4.0
audio_16.wav,3.2965
audio_138.wav,2.875
audio_100.wav,3.025
audio_115.wav,3.325
audio_118.wav,3.675
audio_137.wav,3.64
audio_101.wav,3.2
audio_193.wav,3.206875
audio_102.wav,3.57
audio_52.wav,3.33
audio_172.wav,3.08
audio_191.wav,3.25
audio_194.wav,3.835
audio_67.wav,3.185
audio_160.wav,2.655
audio_179.wav,3.015
audio_55.wav,3.67
audio_145.wav,3.76
audio_197.wav,3.11
audio_139.wav,3.32
audio_91.wav,3.095
audio_8.wav,2.84
audio_136.wav,3.125
audio_199.wav,2.915
audio_110.wav,3.66
audio_208.wav,3.385
audio_152.wav,3.885
audio_94.wav,2.755
audio_174.wav,3.13
audio_23.wav,3.81
audio_56.wav,3.495
audio_97.wav,3.1
audio_148.wav,2.975
audio_59.wav,2.96
audio_5.wav,2.58
audio_119.wav,3.475
audio_80.wav,2.715
audio_58.wav,2.795
audio_123.wav,2.9101705794205794
audio_188.wav,3.14
audio_121.wav,2.4482007020757024
audio_107.wav,1.7943553113553115
audio_214.wav,3.08
audio_73.wav,3.755
audio_169.wav,3.36
audio_7.wav,3.195
audio_42.wav,3.165
audio_88.wav,4.11
audio_64.wav,2.7215
audio_195.wav,3.245
audio_57.wav,3.135
audio_13.wav,2.855
audio_125.wav,3.69
audio_209.wav,3.475
audio_211.wav,2.785
audio_63.wav,3.375
audio_86.wav,4.035
audio_78.wav,4.07
audio_38.wav,2.875
audio_186.wav,2.505
audio_154.wav,2.6102218337218335
audio_21.wav,2.85
audio_120.wav,3.175
audio_183.wav,3.41
audio_25.wav,3.555
audio_122.wav,2.74
audio_36.wav,3.51
audio_76.wav,3.885
audio_163.wav,2.889375
audio_83.wav,3.49
audio_103.wav,1.9469845293595296
audio_93.wav,2.8542857142857145
audio_26.wav,3.29
audio_72.wav,3.875
audio_210.wav,3.07
audio_104.wav,2.5765
audio_81.wav,3.2
audio_166.wav,3.395
audio_202.wav,3.385
audio_185.wav,3.5269444444444447
audio_9.wav,2.79
audio_207.wav,2.8
audio_127.wav,3.435
audio_12.wav,3.755
audio_132.wav,2.292541208791209
audio_109.wav,3.0
audio_32.wav,3.32
audio_178.wav,2.86
audio_61.wav,2.935
audio_34.wav,3.725
audio_106.wav,2.63
audio_49.wav,3.665
audio_149.wav,2.735
audio_30.wav,3.275
audio_131.wav,3.845
audio_162.wav,2.845
audio_204.wav,3.995
audio_198.wav,3.28
audio_135.wav,3.58
audio_187.wav,3.98
audio_3.wav,3.485
audio_98.wav,3.83
audio_159.wav,3.155
audio_167.wav,3.925
audio_205.wav,2.85
audio_95.wav,3.16
audio_68.wav,3.82
audio_31.wav,3.97
audio_157.wav,3.02
audio_89.wav,3.485
audio_82.wav,3.455
audio_53.wav,3.19
audio_37.wav,3.755
audio_113.wav,3.27
audio_85.wav,4.0
audio_173.wav,3.845
audio_41.wav,4.235
audio_51.wav,2.715
audio_143.wav,3.22
audio_92.wav,3.45
audio_74.wav,4.215
audio_0.wav,3.3564999999999996
audio_147.wav,2.915
audio_130.wav,2.775
audio_192.wav,2.995
audio_43.wav,4.37
audio_65.wav,3.545
audio_14.wav,3.545
audio_117.wav,3.615
audio_212.wav,3.12
audio_79.wav,3.055
audio_171.wav,3.285
audio_60.wav,3.225
audio_153.wav,3.61
audio_176.wav,3.0077499999999997
audio_2.wav,2.885
audio_50.wav,3.89
audio_29.wav,2.82
audio_142.wav,3.33
audio_47.wav,3.135
audio_84.wav,3.57
audio_164.wav,2.885456293706294
audio_48.wav,3.565
audio_189.wav,3.52
audio_151.wav,3.185
audio_66.wav,1.20026964008214
audio_44.wav,3.185
audio_150.wav,2.72
audio_87.wav,3.271676136363636
audio_99.wav,3.625
audio_62.wav,3.02
audio_20.wav,3.145
audio_124.wav,3.63
audio_54.wav,3.475
audio_45.wav,4.15
audio_71.wav,3.195
audio_184.wav,3.305
audio_24.wav,2.77
audio_140.wav,3.555
audio_165.wav,3.215
audio_170.wav,3.3415
